ods_code,ods_name,region_code,stp_code,address_line_1,address_line_2,address_line_3,address_line_4,address_line_5,postcode,open_date,close_date,amended_record_indicator,gor_code
R0A,Manchester University NHS Foundation Trust,Y62,QOP,COBBETT HOUSE,OXFORD ROAD,NA,MANCHESTER,NA,M13 9WL,2017-10-01,NA,0,B
R0B,South Tyneside and Sunderland NHS Foundation Trust,Y63,QHM,SUNDERLAND ROYAL HOSPITAL,KAYLL ROAD,NA,SUNDERLAND,NA,SR4 7TP,2019-04-01,NA,0,A
R0D,University Hospitals Dorset NHS Foundation Trust,Y58,QVV,MANAGEMENT OFFICES,POOLE HOSPITAL,LONGFLEET ROAD,POOLE,NA,BH15 2JB,2020-10-01,NA,0,K
R1A,Herefordshire and Worcestershire Health And Care NHS Trust,Y60,QGH,UNIT 2 KINGS COURT,CHARLES HASTINGS WAY,NA,WORCESTER,NA,WR5 1JR,2011-07-01,NA,0,F
R1C,Solent NHS Trust,Y59,QRL,SOLENT NHS TRUST HEADQUARTERS,HIGHPOINT VENUE,BURSLEDON ROAD,SOUTHAMPTON,NA,SO19 8BR,2011-04-01,NA,0,J
R1D,Shropshire Community Health NHS Trust,Y60,QOC,WILLIAM FARR HOUSE,MYTTON OAK ROAD,NA,SHREWSBURY,NA,SY3 8XL,2011-07-01,NA,0,F
R1F,Isle Of Wight NHS Trust,Y59,QRL,ST MARYS HOSPITAL,PARKHURST ROAD,NA,NEWPORT,NA,PO30 5TG,2012-04-01,NA,0,J
R1H,Barts Health NHS Trust,Y56,QMF,THE ROYAL LONDON HOSPITAL,80 NEWARK STREET,NA,LONDON,NA,E1 2ES,2012-04-01,NA,0,H
R1K,London North West University Healthcare NHS Trust,Y56,QRV,NORTHWICK PARK HOSPITAL,WATFORD ROAD,NA,HARROW,NA,HA1 3UJ,2014-10-01,NA,0,H
R1L,Essex Partnership University NHS Foundation Trust,Y61,QH8,THE LODGE,LODGE APPROACH,RUNWELL,WICKFORD,NA,SS11 7XX,2017-04-01,NA,0,G
RA2,Royal Surrey County Hospital NHS Foundation Trust,Y59,QXU,EGERTON ROAD,NA,NA,GUILDFORD,NA,GU2 7XX,1991-04-01,NA,0,J
RA4,Yeovil District Hospital NHS Foundation Trust,Y58,QSL,YEOVIL DISTRICT HOSPITAL,HIGHER KINGSTON,NA,YEOVIL,NA,BA21 4AT,1991-04-01,NA,0,K
RA7,University Hospitals Bristol and Weston NHS Foundation Trust,Y58,QUY,TRUST HEADQUARTERS,MARLBOROUGH STREET,NA,BRISTOL,NA,BS1 3NU,1991-04-01,NA,0,K
RA9,Torbay and South Devon NHS Foundation Trust,Y58,QJK,TORBAY HOSPITAL,NEWTON ROAD,NA,TORQUAY,NA,TQ2 7AA,1991-04-01,NA,0,K
RAE,Bradford Teaching Hospitals NHS Foundation Trust,Y63,QWO,BRADFORD ROYAL INFIRMARY,DUCKWORTH LANE,NA,BRADFORD,NA,BD9 6RJ,1991-04-01,NA,0,D
RAJ,Mid and South Essex NHS Foundation Trust,Y61,QH8,PRITTLEWELL CHASE,NA,NA,WESTCLIFF-ON-SEA,NA,SS0 0RY,1991-04-01,NA,0,G
RAL,Royal Free London NHS Foundation Trust,Y56,QMJ,ROYAL FREE HOSPITAL,POND STREET,NA,LONDON,NA,NW3 2QG,1991-04-01,NA,0,H
RAN,Royal National Orthopaedic Hospital NHS Trust,Y56,QRV,BROCKLEY HILL,NA,NA,STANMORE,NA,HA7 4LP,1991-04-01,NA,0,H
RAP,North Middlesex University Hospital NHS Trust,Y56,QMJ,NORTH MIDDLESEX HOSPITAL,STERLING WAY,NA,LONDON,NA,N18 1QX,1991-04-01,NA,0,H
RAS,The Hillingdon Hospitals NHS Foundation Trust,Y56,QRV,PIELD HEATH ROAD,NA,NA,UXBRIDGE,NA,UB8 3NN,1991-04-01,NA,0,H
RAT,North East London NHS Foundation Trust,Y56,QMF,WEST WING,C E M E CENTRE,MARSH WAY,RAINHAM,NA,RM13 8GQ,2001-04-01,NA,0,H
RAX,Kingston Hospital NHS Foundation Trust,Y56,QWE,GALSWORTHY ROAD,NA,NA,KINGSTON UPON THAMES,NA,KT2 7QB,1991-04-01,NA,0,H
RBD,Dorset County Hospital NHS Foundation Trust,Y58,QVV,DORSET COUNTY HOSPITAL,WILLIAMS AVENUE,NA,DORCHESTER,NA,DT1 2JY,1991-04-01,NA,0,K
RBK,Walsall Healthcare NHS Trust,Y60,QUA,MANOR HOSPITAL,MOAT ROAD,NA,WALSALL,NA,WS2 9PS,1991-04-01,NA,0,F
RBL,Wirral University Teaching Hospital NHS Foundation Trust,Y62,QYG,ARROWE PARK HOSPITAL,ARROWE PARK ROAD,UPTON,WIRRAL,NA,CH49 5PE,1991-04-01,NA,0,B
RBN,St Helens and Knowsley Teaching Hospitals NHS Trust,Y62,QYG,WHISTON HOSPITAL,WARRINGTON ROAD,NA,PRESCOT,NA,L35 5DR,1991-04-01,NA,0,B
RBQ,Liverpool Heart and Chest Hospital NHS Foundation Trust,Y62,QYG,THOMAS DRIVE,NA,NA,LIVERPOOL,NA,L14 3PE,1991-04-01,NA,0,B
RBS,Alder Hey Children's NHS Foundation Trust,Y62,QYG,ALDER HEY HOSPITAL,EATON ROAD,WEST DERBY,LIVERPOOL,NA,L12 2AP,1991-04-01,NA,0,B
RBT,Mid Cheshire Hospitals NHS Foundation Trust,Y62,QYG,LEIGHTON HOSPITAL,LEIGHTON,NA,CREWE,NA,CW1 4QJ,1991-04-01,NA,0,B
RBV,The Christie NHS Foundation Trust,Y62,QOP,550 WILMSLOW ROAD,WITHINGTON,NA,MANCHESTER,NA,M20 4BX,1991-04-01,NA,0,B
RBZ,Northern Devon Healthcare NHS Trust,Y58,QJK,NORTH DEVON DISTRICT HOSPITAL,RALEIGH PARK,NA,BARNSTAPLE,NA,EX31 4JB,1991-04-01,NA,0,K
RC9,Bedfordshire Hospitals NHS Foundation Trust,Y61,QHG,LEWSEY ROAD,NA,NA,LUTON,NA,LU4 0DZ,1992-04-01,NA,0,G
RCB,York and Scarborough Teaching Hospitals NHS Foundation Trust,Y63,QOQ,YORK HOSPITAL,WIGGINTON ROAD,NA,YORK,NA,YO31 8HE,1992-04-01,NA,0,D
RCD,Harrogate and District NHS Foundation Trust,Y63,QOQ,HARROGATE DISTRICT HOSPITAL,LANCASTER PARK ROAD,NA,HARROGATE,NA,HG2 7SX,1992-04-01,NA,0,D
RCF,Airedale NHS Foundation Trust,Y63,QWO,AIREDALE GENERAL HOSPITAL,SKIPTON ROAD,STEETON,KEIGHLEY,NA,BD20 6TD,1992-04-01,NA,0,D
RCU,Sheffield Children's NHS Foundation Trust,Y63,QF7,WESTERN BANK,NA,NA,SHEFFIELD,NA,S10 2TH,1992-04-01,NA,0,D
RCX,"The Queen Elizabeth Hospital, King's Lynn, NHS Foundation Trust",Y61,QMM,QUEEN ELIZABETH HOSPITAL,GAYTON ROAD,NA,KING'S LYNN,NA,PE30 4ET,1992-04-01,NA,0,G
RD1,Royal United Hospitals Bath NHS Foundation Trust,Y58,QOX,COMBE PARK,NA,NA,BATH,NA,BA1 3NG,1992-04-01,NA,0,K
RD3,Poole Hospital NHS Foundation Trust,Y58,QVV,LONGFLEET ROAD,NA,NA,POOLE,NA,BH15 2JB,1992-04-01,2020-09-30,0,K
RD8,Milton Keynes University Hospital NHS Foundation Trust,Y61,QHG,STANDING WAY,EAGLESTONE,NA,MILTON KEYNES,NA,MK6 5LD,1992-04-01,NA,0,G
RDE,East Suffolk and North Essex NHS Foundation Trust,Y61,QJG,COLCHESTER DIST GENERAL HOSPITAL,TURNER ROAD,NA,COLCHESTER,NA,CO4 5JL,1992-04-01,NA,0,G
RDR,Sussex Community NHS Foundation Trust,Y59,QNX,BRIGHTON GENERAL HOSPITAL,ELM GROVE,NA,BRIGHTON,NA,BN2 3EW,1992-04-01,NA,0,J
RDU,Frimley Health NHS Foundation Trust,Y59,QNQ,PORTSMOUTH ROAD,FRIMLEY,NA,CAMBERLEY,NA,GU16 7UJ,1992-04-01,NA,0,J
RDY,Dorset Healthcare University NHS Foundation Trust,Y58,QVV,SENTINEL HOUSE,4-6 NUFFIELD ROAD,NUFFIELD INDUSTRIAL ESTATE,POOLE,NA,BH17 0RB,1992-04-01,NA,0,K
RDZ,The Royal Bournemouth and Christchurch Hospitals NHS Foundation Trust,Y58,QVV,ROYAL BOURNEMOUTH GENERAL HOSPITAL,CASTLE LANE EAST,NA,BOURNEMOUTH,NA,BH7 7DW,1992-04-01,2020-09-30,0,K
REF,Royal Cornwall Hospitals NHS Trust,Y58,QT6,ROYAL CORNWALL HOSPITAL,TRELISKE,NA,TRURO,NA,TR1 3LJ,1992-04-01,NA,0,K
REM,Liverpool University Hospitals NHS Foundation Trust,Y62,QYG,ROYAL LIVERPOOL UNIVERSITY HOSPITAL,PRESCOT STREET,NA,LIVERPOOL,NA,L7 8XP,1992-04-01,NA,0,B
REN,The Clatterbridge Cancer Centre NHS Foundation Trust,Y62,QYG,CLATTERBRIDGE HOSPITAL,CLATTERBRIDGE ROAD,BEBINGTON,WIRRAL,NA,CH63 4JY,1992-04-01,NA,0,B
REP,Liverpool Women's NHS Foundation Trust,Y62,QYG,LIVERPOOL WOMENS HOSPITAL,CROWN STREET,NA,LIVERPOOL,NA,L8 7SS,1992-04-01,NA,0,B
RET,The Walton Centre NHS Foundation Trust,Y62,QYG,LOWER LANE,NA,NA,LIVERPOOL,NA,L9 7LJ,1992-04-01,NA,0,B
RF4,"Barking, Havering and Redbridge University Hospitals NHS Trust",Y56,QMF,QUEENS HOSPITAL,ROM VALLEY WAY,NA,ROMFORD,NA,RM7 0AG,2001-04-01,NA,0,H
RFF,Barnsley Hospital NHS Foundation Trust,Y63,QF7,GAWBER ROAD,NA,NA,BARNSLEY,NA,S75 2EP,1993-04-01,NA,0,D
RFR,The Rotherham NHS Foundation Trust,Y63,QF7,MOORGATE ROAD,NA,NA,ROTHERHAM,NA,S60 2UD,1993-04-01,NA,0,D
RFS,Chesterfield Royal Hospital NHS Foundation Trust,Y60,QJ2,CHESTERFIELD ROAD,CALOW,NA,CHESTERFIELD,NA,S44 5BL,1993-04-01,NA,0,E
RGD,Leeds and York Partnership NHS Foundation Trust,Y63,QWO,2150 CENTURY WAY,THORPE PARK,NA,LEEDS,NA,LS15 8ZB,1993-04-01,NA,0,D
RGM,Royal Papworth Hospital NHS Foundation Trust,Y61,QUE,PAPWORTH ROAD,CAMBRIDGE BIOMEDICAL CAMPUS,NA,CAMBRIDGE,NA,CB2 0AY,1993-04-01,NA,0,G
RGN,North West Anglia NHS Foundation Trust,Y61,QUE,PETERBOROUGH CITY HOSPITAL,BRETTON GATE,BRETTON,PETERBOROUGH,NA,PE3 9GZ,1993-04-01,NA,0,G
RGP,James Paget University Hospitals NHS Foundation Trust,Y61,QMM,LOWESTOFT ROAD,GORLESTON,NA,GREAT YARMOUTH,NA,NR31 6LA,1993-04-01,NA,0,G
RGR,West Suffolk NHS Foundation Trust,Y61,QJG,WEST SUFFOLK HOSPITAL,HARDWICK LANE,NA,BURY ST. EDMUNDS,NA,IP33 2QZ,1993-04-01,NA,0,G
RGT,Cambridge University Hospitals NHS Foundation Trust,Y61,QUE,CAMBRIDGE BIOMEDICAL CAMPUS,HILLS ROAD,NA,CAMBRIDGE,NA,CB2 0QQ,1993-04-01,NA,0,G
RH5,Somerset NHS Foundation Trust,Y58,QSL,TRUST MANAGEMENT,LYDEARD HOUSE,MUSGROVE PARK HOSPITAL,TAUNTON,NA,TA1 5DA,1993-04-01,NA,0,K
RH8,Royal Devon and Exeter NHS Foundation Trust,Y58,QJK,ROYAL DEVON & EXETER HOSPITAL,BARRACK ROAD,NA,EXETER,NA,EX2 5DW,1993-04-01,NA,0,K
RHA,Nottinghamshire Healthcare NHS Foundation Trust,Y60,QT1,"THE RESOURCE, TRUST HQ",DUNCAN MACMILLAN HOUSE,PORCHESTER ROAD,NOTTINGHAM,NA,NG3 6AA,2001-04-01,NA,0,E
RHM,University Hospital Southampton NHS Foundation Trust,Y59,QRL,SOUTHAMPTON GENERAL HOSPITAL,TREMONA ROAD,NA,SOUTHAMPTON,NA,SO16 6YD,1993-04-01,NA,0,J
RHQ,Sheffield Teaching Hospitals NHS Foundation Trust,Y63,QF7,NORTHERN GENERAL HOSPITAL,HERRIES ROAD,NA,SHEFFIELD,NA,S5 7AU,2001-04-01,NA,0,D
RHU,Portsmouth Hospitals University National Health Service Trust,Y59,QRL,QUEEN ALEXANDRA HOSPITAL,SOUTHWICK HILL ROAD,COSHAM,PORTSMOUTH,NA,PO6 3LY,1993-04-01,NA,0,J
RHW,Royal Berkshire NHS Foundation Trust,Y59,QU9,ROYAL BERKSHIRE HOSPITAL,LONDON ROAD,NA,READING,NA,RG1 5AN,1993-04-01,NA,0,J
RJ1,Guy's and St Thomas' NHS Foundation Trust,Y56,QKK,ST THOMAS' HOSPITAL,WESTMINSTER BRIDGE ROAD,NA,LONDON,NA,SE1 7EH,1993-04-01,NA,0,H
RJ2,Lewisham and Greenwich NHS Trust,Y56,QKK,UNIVERSITY HOSPITAL LEWISHAM,LEWISHAM HIGH STREET,NA,LONDON,NA,SE13 6LH,1993-04-01,NA,0,H
RJ6,Croydon Health Services NHS Trust,Y56,QWE,CROYDON UNIVERSITY HOSPITAL,530 LONDON ROAD,NA,THORNTON HEATH,NA,CR7 7YE,1993-04-01,NA,0,H
RJ7,St George's University Hospitals NHS Foundation Trust,Y56,QWE,ST GEORGE'S HOSPITAL,BLACKSHAW ROAD,TOOTING,LONDON,NA,SW17 0QT,1993-04-01,NA,0,H
RJ8,Cornwall Partnership NHS Foundation Trust,Y58,QT6,CAREW HOUSE,BEACON TECHNOLOGY PARK,DUNMERE ROAD,BODMIN,CORNWALL,PL31 2QN,1993-04-01,NA,0,K
RJC,South Warwickshire NHS Foundation Trust,Y60,QWU,WARWICK HOSPITAL,LAKIN ROAD,NA,WARWICK,NA,CV34 5BW,1993-04-01,NA,0,F
RJE,University Hospitals Of North Midlands NHS Trust,Y60,QNC,NEWCASTLE ROAD,NA,NA,STOKE-ON-TRENT,NA,ST4 6QG,1993-04-01,NA,0,F
RJL,Northern Lincolnshire and Goole NHS Foundation Trust,Y63,QOQ,DIANA PRINCESS OF WALES HOSPITAL,SCARTHO ROAD,NA,GRIMSBY,NA,DN33 2BA,2001-04-01,NA,0,D
RJN,East Cheshire NHS Trust,Y62,QYG,MACCLESFIELD DISTRICT HOSPITAL,VICTORIA ROAD,NA,MACCLESFIELD,NA,SK10 3BL,1993-04-01,NA,0,B
RJR,Countess Of Chester Hospital NHS Foundation Trust,Y62,QYG,COUNTESS OF CHESTER HEALTH PARK,LIVERPOOL ROAD,NA,CHESTER,NA,CH2 1UL,1993-04-01,NA,0,B
RJZ,King's College Hospital NHS Foundation Trust,Y56,QKK,DENMARK HILL,NA,NA,LONDON,NA,SE5 9RS,1993-04-01,NA,0,H
RK5,Sherwood Forest Hospitals NHS Foundation Trust,Y60,QT1,KINGS MILL HOSPITAL,MANSFIELD ROAD,NA,SUTTON-IN-ASHFIELD,NA,NG17 4JL,1994-04-01,NA,0,E
RK9,University Hospitals Plymouth NHS Trust,Y58,QJK,DERRIFORD HOSPITAL,DERRIFORD ROAD,DERRIFORD,PLYMOUTH,NA,PL6 8DH,1994-04-01,NA,0,K
RKB,University Hospitals Coventry and Warwickshire NHS Trust,Y60,QWU,WALSGRAVE GENERAL HOSPITAL,CLIFFORD BRIDGE ROAD,NA,COVENTRY,NA,CV2 2DX,1993-04-01,NA,0,F
RKE,Whittington Health NHS Trust,Y56,QMJ,THE WHITTINGTON HOSPITAL,MAGDALA AVENUE,NA,LONDON,NA,N19 5NF,1993-04-01,NA,0,H
RKL,West London NHS Trust,Y56,QRV,1 ARMSTRONG WAY,NA,NA,SOUTHALL,NA,UB2 4SD,2001-04-01,NA,0,H
RL1,The Robert Jones and Agnes Hunt Orthopaedic Hospital NHS Foundation Trust,Y60,QOC,GOBOWEN,NA,NA,OSWESTRY,NA,SY10 7AG,1994-04-01,NA,0,F
RL4,The Royal Wolverhampton NHS Trust,Y60,QUA,NEW CROSS HOSPITAL,WOLVERHAMPTON ROAD,HEATH TOWN,WOLVERHAMPTON,NA,WV10 0QP,1994-04-01,NA,0,F
RLQ,Wye Valley NHS Trust,Y60,QGH,COUNTY HOSPITAL,27 UNION WALK,NA,HEREFORD,NA,HR1 2ER,1994-04-01,NA,0,F
RLT,George Eliot Hospital NHS Trust,Y60,QWU,LEWES HOUSE,COLLEGE STREET,NA,NUNEATON,NA,CV10 7DJ,1994-04-01,NA,0,F
RLY,North Staffordshire Combined Healthcare NHS Trust,Y60,QNC,LAWTON HOUSE,BELLRINGER ROAD,TRENTHAM,STOKE-ON-TRENT,NA,ST4 8HH,1994-04-01,NA,0,F
RM1,Norfolk and Norwich University Hospitals NHS Foundation Trust,Y61,QMM,COLNEY LANE,COLNEY,NA,NORWICH,NA,NR4 7UY,1994-04-01,NA,0,G
RM3,Northern Care Alliance NHS Foundation Trust,Y62,QOP,SALFORD ROYAL,STOTT LANE,NA,SALFORD,GREATER MANCHESTER,M6 8HD,1994-04-01,NA,1,B
RMC,Bolton NHS Foundation Trust,Y62,QOP,THE ROYAL BOLTON HOSPITAL,MINERVA ROAD,FARNWORTH,BOLTON,NA,BL4 0JR,1994-04-01,NA,0,B
RMP,Tameside and Glossop Integrated Care NHS Foundation Trust,Y62,QOP,TAMESIDE GENERAL HOSPITAL,FOUNTAIN STREET,NA,ASHTON-UNDER-LYNE,NA,OL6 9RW,1994-04-01,NA,0,B
RMY,Norfolk and Suffolk NHS Foundation Trust,Y61,QMM,HELLESDON HOSPITAL,DRAYTON HIGH ROAD,NA,NORWICH,NORFOLK,NR6 5BE,1994-04-01,NA,0,G
RN3,Great Western Hospitals NHS Foundation Trust,Y58,QOX,GREAT WESTERN HOSPITAL,MARLBOROUGH ROAD,NA,SWINDON,NA,SN3 6BB,1994-04-01,NA,0,K
RN5,Hampshire Hospitals NHS Foundation Trust,Y59,QRL,BASINGSTOKE AND NORTH HAMPSHIRE HOS,ALDERMASTON ROAD,NA,BASINGSTOKE,HAMPSHIRE,RG24 9NA,1994-04-01,NA,0,J
RN7,Dartford and Gravesham NHS Trust,Y59,QKS,DARENT VALLEY HOSPITAL,DARENTH WOOD ROAD,NA,DARTFORD,NA,DA2 8DA,1994-04-01,NA,0,J
RNA,The Dudley Group NHS Foundation Trust,Y60,QUA,RUSSELLS HALL HOSPITAL,PENSNETT ROAD,NA,DUDLEY,NA,DY1 2HQ,1994-04-01,NA,0,F
RNK,Tavistock and Portman NHS Foundation Trust,Y56,QMJ,THE TAVISTOCK CENTRE,120 BELSIZE LANE,NA,LONDON,NA,NW3 5BA,1994-04-01,NA,0,H
RNN,North Cumbria Integrated Care NHS Foundation Trust,Y63,QHM,PILLARS BUILDING,CUMBERLAND INFIRMARY,INFIRMARY STREET,CARLISLE,NA,CA2 7HY,2001-04-01,NA,0,A
RNQ,Kettering General Hospital NHS Foundation Trust,Y60,QPM,ROTHWELL ROAD,NA,NA,KETTERING,NA,NN16 8UZ,1994-04-01,NA,0,E
RNS,Northampton General Hospital NHS Trust,Y60,QPM,CLIFTONVILLE,NA,NA,NORTHAMPTON,NA,NN1 5BD,1994-04-01,NA,0,E
RNU,Oxford Health NHS Foundation Trust,Y59,QU9,WARNEFORD HOSPITAL,WARNEFORD LANE,HEADINGTON,OXFORD,NA,OX3 7JX,1994-04-01,NA,0,J
RNZ,Salisbury NHS Foundation Trust,Y58,QOX,SALISBURY DISTRICT HOSPITAL,ODSTOCK ROAD,NA,SALISBURY,NA,SP2 8BJ,1994-04-01,NA,0,K
RP1,Northamptonshire Healthcare NHS Foundation Trust,Y60,QPM,ST MARYS HOSPITAL,77 LONDON ROAD,NA,KETTERING,NA,NN15 7PW,2001-04-01,NA,0,E
RP4,Great Ormond Street Hospital For Children NHS Foundation Trust,Y56,QMJ,GREAT ORMOND STREET,NA,NA,LONDON,NA,WC1N 3JH,1994-04-01,NA,0,H
RP5,Doncaster and Bassetlaw Teaching Hospitals NHS Foundation Trust,Y63,QF7,DONCASTER ROYAL INFIRMARY,ARMTHORPE ROAD,NA,DONCASTER,NA,DN2 5LT,2001-04-01,NA,0,D
RP6,Moorfields Eye Hospital NHS Foundation Trust,Y56,QMJ,162 CITY ROAD,NA,NA,LONDON,NA,EC1V 2PD,1994-04-01,NA,0,H
RP7,Lincolnshire Partnership NHS Foundation Trust,Y60,QJM,ST GEORGE'S,LONG LEYS ROAD,NA,LINCOLN,NA,LN1 1FS,2001-04-01,NA,0,E
RPA,Medway NHS Foundation Trust,Y59,QKS,MEDWAY MARITIME HOSPITAL,WINDMILL ROAD,NA,GILLINGHAM,NA,ME7 5NY,1994-04-01,NA,0,J
RPC,Queen Victoria Hospital NHS Foundation Trust,Y59,QNX,HOLTYE ROAD,NA,NA,EAST GRINSTEAD,NA,RH19 3DZ,1994-04-01,NA,0,J
RPG,Oxleas NHS Foundation Trust,Y56,QKK,PINEWOOD HOUSE,PINEWOOD PLACE,NA,DARTFORD,NA,DA2 7WG,1994-04-01,NA,0,H
RPY,The Royal Marsden NHS Foundation Trust,Y56,QRV,FULHAM ROAD,NA,NA,LONDON,GREATER LONDON,SW3 6JJ,1994-04-01,NA,0,H
RQ3,Birmingham Women's and Children's NHS Foundation Trust,Y60,QHL,STEELHOUSE LANE,NA,NA,BIRMINGHAM,WEST MIDLANDS,B4 6NH,1995-04-01,NA,0,F
RQF,Velindre NHS Trust,W00,Q99,UNIT 2,CHARNWOOD COURT,HEOL BILLINGSLEY,CARDIFF,NA,CF15 7QZ,1994-04-01,NA,0,W
RQM,Chelsea and Westminster Hospital NHS Foundation Trust,Y56,QRV,CHELSEA & WESTMINSTER HOSPITAL,369 FULHAM ROAD,NA,LONDON,NA,SW10 9NH,1994-04-01,NA,0,H
RQW,The Princess Alexandra Hospital NHS Trust,Y61,QM7,HAMSTEL ROAD,NA,NA,HARLOW,NA,CM20 1QX,1995-04-01,NA,0,G
RQX,Homerton University Hospital NHS Foundation Trust,Y56,QMF,HOMERTON ROW,NA,NA,LONDON,NA,E9 6SR,1995-04-01,NA,0,H
RQY,South West London and St George's Mental Health NHS Trust,Y56,QWE,SPRINGFIELD HOSPITAL,61 GLENBURNIE ROAD,NA,LONDON,NA,SW17 7DJ,1995-04-01,NA,0,H
RR7,Gateshead Health NHS Foundation Trust,Y63,QHM,QUEEN ELIZABETH HOSPITAL,SHERIFF HILL,NA,GATESHEAD,NA,NE9 6SX,1998-04-01,NA,0,A
RR8,Leeds Teaching Hospitals NHS Trust,Y63,QWO,ST. JAMES'S UNIVERSITY HOSPITAL,BECKETT STREET,NA,LEEDS,NA,LS9 7TF,1998-04-01,NA,0,D
RRE,Midlands Partnership NHS Foundation Trust,Y60,QNC,TRUST HEADQUARTERS,ST GEORGES HOSPITAL,CORPORATION STREET,STAFFORD,STAFFORDSHIRE,ST16 3SR,2001-04-01,NA,0,F
RRF,"Wrightington, Wigan and Leigh NHS Foundation Trust",Y62,QOP,ROYAL ALBERT EDWARD INFIRMARY,WIGAN LANE,NA,WIGAN,NA,WN1 2NN,2001-04-01,NA,0,B
RRJ,The Royal Orthopaedic Hospital NHS Foundation Trust,Y60,QHL,THE WOODLANDS,BRISTOL ROAD SOUTH,NORTHFIELD,BIRMINGHAM,NA,B31 2AP,1995-04-01,NA,0,F
RRK,University Hospitals Birmingham NHS Foundation Trust,Y60,QHL,QUEEN ELIZABETH HOSPITAL,MINDELSOHN WAY,EDGBASTON,BIRMINGHAM,WEST MIDLANDS,B15 2GW,1995-04-01,NA,0,F
RRP,"Barnet, Enfield and Haringey Mental Health NHS Trust",Y56,QMJ,TRUST HEADQUARTERS BLOCK B2,ST ANN'S HOSPITAL,ST ANN'S ROAD,LONDON,NA,N15 3TH,2001-04-01,NA,0,H
RRU,London Ambulance Service NHS Trust,Y56,QKK,220 WATERLOO ROAD,NA,NA,LONDON,NA,SE1 8SD,1996-04-01,NA,0,H
RRV,University College London Hospitals NHS Foundation Trust,Y56,QMJ,250 EUSTON ROAD,NA,NA,LONDON,NA,NW1 2PG,1996-04-01,NA,0,H
RT1,Cambridgeshire and Peterborough NHS Foundation Trust,Y61,QUE,"ELIZABETH HOUSE,",FULBOURN HOSPITAL,FULBOURN,CAMBRIDGE,NA,CB21 5EF,2002-04-01,NA,0,G
RT2,Pennine Care NHS Foundation Trust,Y62,QOP,225 OLD STREET,NA,NA,ASHTON-UNDER-LYNE,NA,OL6 7SR,2002-04-01,NA,0,B
RT3,Royal Brompton & Harefield NHS Foundation Trust,Y56,QRV,ROYAL BROMPTON HOSPITAL,SYDNEY STREET,NA,LONDON,GREATER LONDON,SW3 6NP,1998-04-01,2021-01-31,0,H
RT4,Welsh Ambulance Services NHS Trust,W00,Q99,UNIT 7,FFORDD RICHARD DAVIES,ST ASAPH BUSINESS PARK,ST. ASAPH,NA,LL17 0LJ,1998-04-01,NA,0,W
RT5,Leicestershire Partnership NHS Trust,Y60,QK1,RIVERSIDE HOUSE,BRIDGE PARK PLAZA,BRIDGE PARK ROAD,LEICESTER,LEICESTERSHIRE,LE4 8PQ,1999-04-01,NA,0,E
RTD,The Newcastle Upon Tyne Hospitals NHS Foundation Trust,Y63,QHM,FREEMAN HOSPITAL,FREEMAN ROAD,HIGH HEATON,NEWCASTLE UPON TYNE,NA,NE7 7DN,1998-04-01,NA,0,A
RTE,Gloucestershire Hospitals NHS Foundation Trust,Y58,QR1,CHELTENHAM GENERAL HOSPITAL,SANDFORD ROAD,NA,CHELTENHAM,NA,GL53 7AN,2002-04-01,NA,0,K
RTF,Northumbria Healthcare NHS Foundation Trust,Y63,QHM,NORTH TYNESIDE GENERAL HOSPITAL,RAKE LANE,NA,NORTH SHIELDS,NA,NE29 8NH,1998-04-01,NA,0,A
RTG,University Hospitals Of Derby and Burton NHS Foundation Trust,Y60,QJ2,ROYAL DERBY HOSPITAL,UTTOXETER ROAD,NA,DERBY,NA,DE22 3NE,1998-04-01,NA,0,E
RTH,Oxford University Hospitals NHS Foundation Trust,Y59,QU9,JOHN RADCLIFFE HOSPITAL,HEADLEY WAY,HEADINGTON,OXFORD,NA,OX3 9DU,1998-04-01,NA,0,J
RTK,Ashford and St Peter's Hospitals NHS Foundation Trust,Y59,QXU,ST PETERS HOSPITAL,GUILDFORD ROAD,NA,CHERTSEY,NA,KT16 0PZ,1998-04-01,NA,0,J
RTP,Surrey and Sussex Healthcare NHS Trust,Y59,QXU,TRUST HEADQUARTERS,EAST SURREY HOSPITAL,CANADA AVENUE,REDHILL,SURREY,RH1 5RH,1998-04-01,NA,0,J
RTQ,Gloucestershire Health and Care NHS Foundation Trust,Y58,QR1,EDWARD JENNER COURT,1010 PIONEER AVENUE,GLOUCESTER BUSINESS PARK,GLOUCESTER,NA,GL3 4AW,2002-04-01,NA,0,K
RTR,South Tees Hospitals NHS Foundation Trust,Y63,QHM,JAMES COOK UNIVERSITY HOSPITAL,MARTON ROAD,NA,MIDDLESBROUGH,NA,TS4 3BW,2002-04-01,NA,0,A
RTV,North West Boroughs Healthcare NHS Foundation Trust,Y62,QYG,HOLLINS PARK HOUSE,HOLLINS PARK HOSPITAL,HOLLINS LANE,WARRINGTON,NA,WA2 8WA,2002-04-01,2021-05-31,0,B
RTX,University Hospitals Of Morecambe Bay NHS Foundation Trust,Y62,QE1,WESTMORLAND GENERAL HOSPITAL,BURTON ROAD,NA,KENDAL,NA,LA9 7RG,1998-04-01,NA,0,B
RV3,Central and North West London NHS Foundation Trust,Y56,QMJ,TRUST HEADQUARTERS,350 EUSTON ROAD,REGENTS PLACE,LONDON,NA,NW1 3AX,1999-04-01,NA,0,H
RV5,South London and Maudsley NHS Foundation Trust,Y56,QKK,BETHLEM ROYAL HOSPITAL,MONKS ORCHARD ROAD,NA,BECKENHAM,KENT,BR3 3BX,1999-04-01,NA,0,H
RV9,Humber Teaching NHS Foundation Trust,Y63,QOQ,"TRUST HQ, WILLERBY HILL",BEVERLEY ROAD,WILLERBY,HULL,NA,HU10 6ED,1999-10-01,NA,0,D
RVJ,North Bristol NHS Trust,Y58,QUY,SOUTHMEAD HOSPITAL,SOUTHMEAD ROAD,WESTBURY-ON-TRYM,BRISTOL,NA,BS10 5NB,1999-04-01,NA,0,K
RVN,Avon and Wiltshire Mental Health Partnership NHS Trust,Y58,QOX,BATH NHS HOUSE,NEWBRIDGE HILL,NA,BATH,NA,BA1 3QE,1999-04-01,NA,0,K
RVR,Epsom and St Helier University Hospitals NHS Trust,Y56,QWE,ST HELIER HOSPITAL,WRYTHE LANE,NA,CARSHALTON,NA,SM5 1AA,1999-04-01,NA,0,H
RVV,East Kent Hospitals University NHS Foundation Trust,Y59,QKS,KENT & CANTERBURY HOSPITAL,ETHELBERT ROAD,NA,CANTERBURY,NA,CT1 3NG,1999-04-01,NA,0,J
RVW,North Tees and Hartlepool NHS Foundation Trust,Y63,QHM,UNIVERSITY HOSPITAL OF HARTLEPOOL,HOLDFORTH ROAD,NA,HARTLEPOOL,NA,TS24 9AH,1999-04-01,NA,0,A
RVY,Southport and Ormskirk Hospital NHS Trust,Y62,QYG,TOWN LANE,NA,NA,SOUTHPORT,NA,PR8 6PN,1999-04-01,NA,0,B
RW1,Southern Health NHS Foundation Trust,Y59,QRL,TATCHBURY MOUNT HOSPITAL,CALMORE,NA,SOUTHAMPTON,NA,SO40 2RZ,2001-04-01,NA,0,J
RW4,Mersey Care NHS Foundation Trust,Y62,QYG,V7 BUILDING,KINGS BUSINESS PARK,KINGS DRIVE,PRESCOT,NA,L34 1PJ,2001-04-01,NA,0,B
RW5,Lancashire & South Cumbria NHS Foundation Trust,Y62,QE1,SCEPTRE POINT,SCEPTRE WAY,BAMBER BRIDGE,PRESTON,NA,PR5 6AW,2002-04-01,NA,0,B
RW6,Pennine Acute Hospitals NHS Trust,Y62,QOP,TRUST HEADQUARTERS,NORTH MANCHESTER GENERAL HOSPITAL,"DELAUNAYS ROAD, CRUMPSALL",MANCHESTER,NA,M8 5RB,2002-04-01,2021-09-30,1,B
RWA,Hull University Teaching Hospitals NHS Trust,Y63,QOQ,HULL ROYAL INFIRMARY,ANLABY ROAD,NA,HULL,NA,HU3 2JZ,1999-10-01,NA,0,D
RWD,United Lincolnshire Hospitals NHS Trust,Y60,QJM,LINCOLN COUNTY HOSPITAL,GREETWELL ROAD,NA,LINCOLN,NA,LN2 5QY,2000-04-01,NA,0,E
RWE,University Hospitals Of Leicester NHS Trust,Y60,QK1,LEICESTER ROYAL INFIRMARY,INFIRMARY SQUARE,NA,LEICESTER,NA,LE1 5WW,2000-04-01,NA,0,E
RWF,Maidstone and Tunbridge Wells NHS Trust,Y59,QKS,THE MAIDSTONE HOSPITAL,HERMITAGE LANE,NA,MAIDSTONE,NA,ME16 9QQ,2000-04-01,NA,0,J
RWG,West Hertfordshire Hospitals NHS Trust,Y61,QM7,TRUST OFFICES,WATFORD GENERAL HOSPITAL,VICARAGE ROAD,WATFORD,NA,WD18 0HB,2000-04-01,NA,0,G
RWH,East and North Hertfordshire NHS Trust,Y61,QM7,LISTER HOSPITAL,COREYS MILL LANE,NA,STEVENAGE,HERTFORDSHIRE,SG1 4AB,2000-04-01,NA,0,G
RWJ,Stockport NHS Foundation Trust,Y62,QOP,STEPPING HILL HOSPITAL,POPLAR GROVE,NA,STOCKPORT,NA,SK2 7JE,2000-04-01,NA,0,B
RWK,East London NHS Foundation Trust,Y56,QMF,ROBERT DOLAN HOUSE,9 ALIE STREET,NA,LONDON,GREATER LONDON,E1 8DE,2000-04-01,NA,0,H
RWP,Worcestershire Acute Hospitals NHS Trust,Y60,QGH,WORCESTERSHIRE ROYAL HOSPITAL,CHARLES HASTINGS WAY,NA,WORCESTER,NA,WR5 1DD,2000-04-01,NA,0,F
RWR,Hertfordshire Partnership University NHS Foundation Trust,Y61,QM7,THE COLONNADES,BEACONSFIELD CLOSE,NA,HATFIELD,NA,AL10 8YE,2001-04-01,NA,0,G
RWV,Devon Partnership NHS Trust,Y58,QJK,WONFORD HOUSE HOSPITAL,DRYDEN ROAD,NA,EXETER,NA,EX2 5AF,2001-04-01,NA,0,K
RWW,Warrington and Halton Teaching Hospitals NHS Foundation Trust,Y62,QYG,WARRINGTON HOSPITAL,LOVELY LANE,NA,WARRINGTON,NA,WA5 1QG,2001-04-01,NA,0,B
RWX,Berkshire Healthcare NHS Foundation Trust,Y59,QNQ,FITZWILLIAM HOUSE,SKIMPED HILL LANE,NA,BRACKNELL,NA,RG12 1BQ,2001-04-01,NA,0,J
RWY,Calderdale and Huddersfield NHS Foundation Trust,Y63,QWO,TRUST HEADQUARTERS,ACRE STREET,LINDLEY,HUDDERSFIELD,NA,HD3 3EA,2001-04-01,NA,0,D
RX1,Nottingham University Hospitals NHS Trust,Y60,QT1,TRUST HEADQUARTERS,QUEENS MEDICAL CENTRE,DERBY ROAD,NOTTINGHAM,NA,NG7 2UH,2006-04-01,NA,0,E
RX2,Sussex Partnership NHS Foundation Trust,Y59,QNX,TRUST HQ,SWANDEAN,ARUNDEL ROAD,WORTHING,NA,BN13 3EP,2006-04-01,NA,0,J
RX3,"Tees, Esk and Wear Valleys NHS Foundation Trust",Y63,QHM,TRUST HEADQUARTERS,WEST PARK HOSPITAL,EDWARD PEASE WAY,DARLINGTON,NA,DL2 2TS,2006-04-01,NA,0,A
RX4,"Cumbria, Northumberland, Tyne and Wear NHS Foundation Trust",Y63,QHM,ST NICHOLAS HOSPITAL,JUBILEE ROAD,GOSFORTH,NEWCASTLE UPON TYNE,TYNE AND WEAR,NE3 3XT,2006-04-01,NA,0,A
RX6,North East Ambulance Service NHS Foundation Trust,Y63,QHM,BERNICIA HOUSE,THE WATERFRONT,GOLDCREST WAY,NEWCASTLE UPON TYNE,NA,NE15 8NY,2006-07-01,NA,0,A
RX7,North West Ambulance Service NHS Trust,Y62,QOP,LADYBRIDGE HALL,399 CHORLEY NEW ROAD,NA,BOLTON,NA,BL1 5DD,2006-07-01,NA,0,B
RX8,Yorkshire Ambulance Service NHS Trust,Y63,QWO,SPRINGHILL,2 BRINDLEY WAY,WAKEFIELD 41 INDUSTRIAL ESTATE,WAKEFIELD,NA,WF2 0XQ,2006-07-01,NA,0,D
RX9,East Midlands Ambulance Service NHS Trust,Y60,QT1,1 HORIZON PLACE,MELLORS WAY,NOTTINGHAM BUSINESS PARK,NOTTINGHAM,NA,NG8 6PY,2006-07-01,NA,0,E
RXA,Cheshire and Wirral Partnership NHS Foundation Trust,Y62,QYG,TRUST HEADQUARTERS REDESMERE,THE COUNTESS OF CHESTER HEALTH PARK,LIVERPOOL ROAD,CHESTER,NA,CH2 1BQ,2002-04-01,NA,0,B
RXC,East Sussex Healthcare NHS Trust,Y59,QNX,ST ANNES HOUSE,729 THE RIDGE,NA,ST. LEONARDS-ON-SEA,NA,TN37 7PT,2002-04-01,NA,0,J
RXE,Rotherham Doncaster and South Humber NHS Foundation Trust,Y63,QF7,WOODFIELD HOUSE,TICKHILL ROAD,NA,DONCASTER,NA,DN4 8QN,2004-04-01,NA,0,D
RXF,Mid Yorkshire Hospitals NHS Trust,Y63,QWO,PINDERFIELDS HOSPITAL,ABERFORD ROAD,NA,WAKEFIELD,NA,WF1 4DG,2002-04-01,NA,0,D
RXG,South West Yorkshire Partnership NHS Foundation Trust,Y63,QWO,TRUST HEADQUARTERS,FIELDHEAD HOSPITAL,OUCHTHORPE LANE,WAKEFIELD,NA,WF1 3SP,2002-04-01,NA,0,D
RXH,Brighton and Sussex University Hospitals NHS Trust,Y59,QNX,ROYAL SUSSEX COUNTY HOSPITAL,EASTERN ROAD,NA,BRIGHTON,NA,BN2 5BE,2002-04-01,2021-03-31,0,J
RXK,Sandwell and West Birmingham Hospitals NHS Trust,Y60,QUA,CITY HOSPITAL,DUDLEY ROAD,NA,BIRMINGHAM,NA,B18 7QH,2002-04-01,NA,0,F
RXL,Blackpool Teaching Hospitals NHS Foundation Trust,Y62,QE1,VICTORIA HOSPITAL,WHINNEY HEYS ROAD,NA,BLACKPOOL,NA,FY3 8NR,2002-04-01,NA,0,B
RXM,Derbyshire Healthcare NHS Foundation Trust,Y60,QJ2,TRUST HEADQUARTERS,KINGSWAY HOSPITAL,KINGSWAY,DERBY,NA,DE22 3LZ,2002-04-01,NA,0,E
RXN,Lancashire Teaching Hospitals NHS Foundation Trust,Y62,QE1,ROYAL PRESTON HOSPITAL,SHAROE GREEN LANE,FULWOOD,PRESTON,NA,PR2 9HT,2002-08-01,NA,0,B
RXP,County Durham and Darlington NHS Foundation Trust,Y63,QHM,DARLINGTON MEMORIAL HOSPITAL,HOLLYHURST ROAD,NA,DARLINGTON,NA,DL3 6HX,2002-10-01,NA,0,A
RXQ,Buckinghamshire Healthcare NHS Trust,Y59,QU9,AMERSHAM HOSPITAL,WHIELDEN STREET,NA,AMERSHAM,NA,HP7 0JD,2003-04-01,NA,0,J
RXR,East Lancashire Hospitals NHS Trust,Y62,QE1,ROYAL BLACKBURN HOSPITAL,HASLINGDEN ROAD,NA,BLACKBURN,NA,BB2 3HH,2003-04-01,NA,0,B
RXT,Birmingham and Solihull Mental Health NHS Foundation Trust,Y60,QUA,UNIT 1,50 SUMMER HILL ROAD,NA,BIRMINGHAM,NA,B1 3RB,2003-04-01,NA,0,F
RXV,Greater Manchester Mental Health NHS Foundation Trust,Y62,QOP,PRESTWICH HOSPITAL,BURY NEW ROAD,PRESTWICH,MANCHESTER,NA,M25 3BL,2003-04-01,NA,0,B
RXW,The Shrewsbury and Telford Hospital NHS Trust,Y60,QOC,MYTTON OAK ROAD,NA,NA,SHREWSBURY,NA,SY3 8XQ,2003-10-01,NA,0,F
RXX,Surrey and Borders Partnership NHS Foundation Trust,Y59,QXU,18 MOLE BUSINESS PARK,RANDALLS ROAD,NA,LEATHERHEAD,NA,KT22 7AD,2005-04-01,NA,0,J
RXY,Kent and Medway NHS And Social Care Partnership Trust,Y59,QKS,FARM VILLA,HERMITAGE LANE,NA,MAIDSTONE,NA,ME16 9PH,2006-04-01,NA,0,J
RY2,Bridgewater Community Healthcare NHS Foundation Trust,Y62,QYG,EUROPA POINT,EUROPA BOULEVARD,WESTBROOK,WARRINGTON,CHESHIRE,WA5 7TY,2010-11-01,NA,0,B
RY3,Norfolk Community Health and Care NHS Trust,Y61,QMM,NORWICH COMMUNITY HOSPITAL,BOWTHORPE ROAD,NA,NORWICH,NA,NR2 3TU,2010-11-01,NA,0,G
RY4,Hertfordshire Community NHS Trust,Y61,QM7,UNIT 1A HOWARD COURT,14 TEWIN ROAD,NA,WELWYN GARDEN CITY,HERTFORDSHIRE,AL7 1BW,2010-11-01,NA,0,G
RY5,Lincolnshire Community Health Services NHS Trust,Y60,QJM,BEECH HOUSE,WITHAM PARK,WATERSIDE SOUTH,LINCOLN,LINCOLNSHIRE,LN5 7JH,2011-04-01,NA,0,E
RY6,Leeds Community Healthcare NHS Trust,Y63,QWO,STOCKDALE HOUSE,8 VICTORIA ROAD,NA,LEEDS,NA,LS6 1PF,2011-04-01,NA,0,D
RY7,Wirral Community Health and Care NHS Foundation Trust,Y62,QYG,DERBY ROAD,NA,NA,BIRKENHEAD,NA,CH42 0LQ,2011-04-01,NA,0,B
RY8,Derbyshire Community Health Services NHS Foundation Trust,Y60,QJ2,"TRUST HQ, ASH GREEN DISABILITY CTR",ASHGATE ROAD,ASHGATE,CHESTERFIELD,NA,S42 7JE,2011-04-01,NA,0,E
RY9,Hounslow and Richmond Community Healthcare NHS Trust,Y56,QWE,THAMES HOUSE,180-194 HIGH STREET,NA,TEDDINGTON,NA,TW11 8HU,2011-04-01,NA,0,H
RYA,West Midlands Ambulance Service University NHS Foundation Trust,Y60,QUA,MILLENNIUM POINT,WATERFRONT BUSINESS PARK,DUDLEY ROAD,BRIERLEY HILL,NA,DY5 1LX,2006-07-01,NA,0,F
RYC,East Of England Ambulance Service NHS Trust,Y61,QUE,UNIT 3,WHITING WAY,MELBOURN,ROYSTON,NA,SG8 6NA,2006-07-01,NA,0,G
RYD,South East Coast Ambulance Service NHS Foundation Trust,Y59,QNX,TRUST HEADQUARTERS,NEXUS HOUSE,4 GATWICK ROAD,CRAWLEY,NA,RH10 9BG,2006-07-01,NA,0,J
RYE,South Central Ambulance Service NHS Foundation Trust,Y59,QU9,7-8 TALISMAN BUSINESS CENTRE,TALISMAN ROAD,NA,BICESTER,NA,OX26 6HR,2006-07-01,NA,0,J
RYF,South Western Ambulance Service NHS Foundation Trust,Y58,QJK,ABBEY COURT,EAGLE WAY,NA,EXETER,DEVON,EX2 7HY,2006-07-01,NA,0,K
RYG,Coventry and Warwickshire Partnership NHS Trust,Y60,QWU,WAYSIDE HOUSE,WILSONS LANE,NA,COVENTRY,NA,CV6 6NY,2006-10-01,NA,0,F
RYJ,Imperial College Healthcare NHS Trust,Y56,QRV,THE BAYS,ST MARYS HOSPITAL,SOUTH WHARF ROAD,LONDON,NA,W2 1BL,2007-10-01,NA,0,H
RYK,Dudley Integrated Health and Care NHS Trust,Y60,QUA,VENTURE WAY,NA,NA,BRIERLEY HILL,NA,DY5 1RU,2008-10-01,NA,0,F
RYR,University Hospitals Sussex NHS Foundation Trust,Y59,QNX,WORTHING HOSPITAL,LYNDHURST ROAD,NA,WORTHING,NA,BN11 2DH,2009-04-01,NA,0,J
RYT,Public Health Wales NHS Trust,W00,Q99,2 CAPITAL QUARTER,TYNDALL STREET,NA,CARDIFF,NA,CF10 4BZ,2009-10-01,NA,0,W
RYV,Cambridgeshire Community Services NHS Trust,Y61,QUE,UNIT 7-8,MEADOW PARK,MEADOW LANE,ST. IVES,NA,PE27 4LG,2010-04-01,NA,0,G
RYW,Birmingham Community Healthcare NHS Foundation Trust,Y60,QHL,3 PRIESTLEY WHARF,HOLT STREET,"BIRMINGHAM SCIENCE PARK, ASTON",BIRMINGHAM,NA,B7 4BN,2010-11-01,NA,0,F
RYX,Central London Community Healthcare NHS Trust,Y56,QRV,GROUND FLOOR,15 MARYLEBONE ROAD,NA,LONDON,NA,NW1 5JD,2010-11-01,NA,0,H
RYY,Kent Community Health NHS Foundation Trust,Y59,QKS,UNIT D,THE OAST,HERMITAGE LANE,MAIDSTONE,NA,ME16 9NT,2010-11-01,NA,0,J
